id,nombre,ciudad
001,Distribuidora Andina,Rosario
002,Supermercados El Sol,Córdoba
003,Ferretería Central,Córdoba
004,Panadería La Espiga,Rosario
005,Industrias Metalúrgicas Sur,Santiago
006,Clínica San Martín,San Juan
007,Colegio Técnico N°7,Rosario
008,Óptica Visión,Santiago
009,Librería Universitaria,Santiago
010,Farmacia del Pueblo,Santiago
011,Restaurante Sabores,Córdoba
012,Hotel Cumbre,Rosario
013,Transportes Rápidos SA,Mendoza
014,Constructora Norte,Santiago
015,Agropecuaria La Pampa,Santiago
